Project_Name,Customer_Name,lat,lon
ABSURD BALL,Wonka Industries,27.964157,-82.452606
ABSURD BALL,Wonka Industries,27.964157,-82.452606
VERUCA SALT,Wonka Industries,27.773056,-82.639999
VERUCA SALT,Wonka Industries,27.773056,-82.639999
VERUCA SALT,Wonka Industries,27.773056,-82.639999
VERUCA SALT,Wonka Industries,27.773056,-82.639999
VERUCA SALT,Wonka Industries,27.773056,-82.639999
VERUCA SALT,Wonka Industries,27.773056,-82.639999
VERUCA SALT,Wonka Industries,27.773056,-82.639999
VERUCA SALT,Wonka Industries,27.773056,-82.639999
VERUCA SALT,Wonka Industries,27.773056,-82.639999
VERUCA SALT,Wonka Industries,27.773056,-82.639999
CEASELESS CHOCOLATE,Wonka Industries,28.364725,-82.195915
WRONG FURNITURE,Acme Corp,28.2336196,-82.1811947
WRONG FURNITURE,Acme Corp,28.2336196,-82.1811947
WRONG FURNITURE,Acme Corp,28.2336196,-82.1811947
WRONG FURNITURE,Acme Corp,28.2336196,-82.1811947
ABORIGINAL TURN,Acme Corp,27.9,-82.1811947
ABORIGINAL TURN,Acme Corp,27.9,-82.1811947
NOISY LAMP,Acme Corp,27.9,-82.1811947
NOISY LAMP,Acme Corp,27.9,-82.1811947
NOISY LAMP,Acme Corp,27.9,-82.1811947
NOISY LAMP,Acme Corp,27.9,-82.1811947
NOISY LAMP,Acme Corp,27.9,-82.1811947
FEARLESS FOOD,Acme Corp,27.9,-82.1811947
FEARLESS FOOD,Acme Corp,27.9,-82.1811947
FEARLESS FOOD,Acme Corp,27.9,-82.1811947
FEARLESS FOOD,Acme Corp,27.9,-82.1811947
DIFFERENT IRON MAN,Stark Industries,30.455,-84.253334
DIFFERENT IRON MAN,Stark Industries,30.455,-84.253334
DIFFERENT IRON MAN,Stark Industries,30.455,-84.253334
DIFFERENT IRON MAN,Stark Industries,30.455,-84.253334
DIFFERENT IRON MAN,Stark Industries,30.455,-84.253334
DIFFERENT IRON MAN,Stark Industries,30.455,-84.253334
DIFFERENT IRON MAN,Stark Industries,30.455,-84.253334
DIFFERENT IRON MAN,Stark Industries,30.455,-84.253334
PEPPER POT,Stark Industries,30.455,-84.253334
PEPPER POT,Stark Industries,30.455,-84.253334
PEPPER POT,Stark Industries,30.455,-84.253334
PEPPER POT,Stark Industries,30.455,-84.253334
PEPPER POT,Stark Industries,30.455,-84.253334
PEPPER POT,Stark Industries,30.455,-84.253334
HERMIONE TEMPER,Olivander's Wand Shop,25.761681,-80.191788
HERMIONE TEMPER,Olivander's Wand Shop,25.761681,-80.191788
HERMIONE TEMPER,Olivander's Wand Shop,25.761681,-80.191788
UNRULY RON,Olivander's Wand Shop,25.761681,-80.191788
UNRULY RON,Olivander's Wand Shop,25.761681,-80.191788
UNRULY RON,Olivander's Wand Shop,25.761681,-80.191788
PERFECT HARRY,Olivander's Wand Shop,25.761681,-80.191788
PERFECT HARRY,Olivander's Wand Shop,25.761681,-80.191788
PERFECT HARRY,Olivander's Wand Shop,25.761681,-80.191788
PERFECT HARRY,Olivander's Wand Shop,25.761681,-80.191788
PERFECT HARRY,Olivander's Wand Shop,25.761681,-80.191788
RAPID DAUGHTER,Gekko and Co,24.55505,-81.779984
RAPID DAUGHTER,Gekko and Co,24.55505,-81.779984
RAPID DAUGHTER,Gekko and Co,24.55505,-81.779984
RAPID DAUGHTER,Gekko and Co,24.55505,-81.779984
RAPID DAUGHTER,Gekko and Co,24.55505,-81.779984
RAPID DAUGHTER,Gekko and Co,24.55505,-81.779984
DANDY TABLE,Gekko and Co,24.55505,-81.779984
DANDY TABLE,Gekko and Co,24.55505,-81.779984
DANDY TABLE,Gekko and Co,24.55505,-81.779984
DANDY TABLE,Gekko and Co,24.55505,-81.779984
DANDY TABLE,Gekko and Co,24.55505,-81.779984
DANDY TABLE,Gekko and Co,24.55505,-81.779984
DANDY TABLE,Gekko and Co,24.55505,-81.779984
GREEDY THREAD,Gekko and Co,24.55505,-81.779984
GREEDY THREAD,Gekko and Co,24.55505,-81.779984
GREEDY THREAD,Gekko and Co,24.55505,-81.779984
GREEDY THREAD,Gekko and Co,24.55505,-81.779984
GREEDY THREAD,Gekko and Co,24.55505,-81.779984
GREEDY THREAD,Gekko and Co,24.55505,-81.779984
DEVOUT BAT,Wayne Enterprises,26.177624,-81.806946
DEVOUT BAT,Wayne Enterprises,26.177624,-81.806946
DEVOUT BAT,Wayne Enterprises,26.177624,-81.806946
DEVOUT BAT,Wayne Enterprises,26.177624,-81.806946
DEVOUT BAT,Wayne Enterprises,26.177624,-81.806946
DEVOUT BAT,Wayne Enterprises,26.177624,-81.806946
DEVOUT BAT,Wayne Enterprises,26.177624,-81.806946
DEVOUT BAT,Wayne Enterprises,26.177624,-81.806946
BRIEF AIR,Wayne Enterprises,26.177624,-81.806946
BRIEF AIR,Wayne Enterprises,26.177624,-81.806946
BRIEF AIR,Wayne Enterprises,26.177624,-81.806946
PIQUANT CAPE,Wayne Enterprises,26.177624,-81.806946
PIQUANT CAPE,Wayne Enterprises,26.177624,-81.806946
OPEN DESK,Cyberdyne Systems,38.89511,-77.03637
PSYCHEDELIC TERMINATOR,Cyberdyne Systems,38.89511,-77.03637
PSYCHEDELIC TERMINATOR,Cyberdyne Systems,38.89511,-77.03637
PSYCHEDELIC TERMINATOR,Cyberdyne Systems,38.89511,-77.03637
PSYCHEDELIC TERMINATOR,Cyberdyne Systems,38.89511,-77.03637
PSYCHEDELIC TERMINATOR,Cyberdyne Systems,38.89511,-77.03637
PSYCHEDELIC TERMINATOR,Cyberdyne Systems,38.89511,-77.03637
PSYCHEDELIC TERMINATOR,Cyberdyne Systems,38.89511,-77.03637
DIREFUL PEAR,Cyberdyne Systems,38.89511,-77.03637
PEPPY MATCH,Cyberdyne Systems,38.89511,-77.03637
PEPPY MATCH,Cyberdyne Systems,38.89511,-77.03637
PEPPY MATCH,Cyberdyne Systems,38.89511,-77.03637
ALIVE DRINKS,Cheers,,
ALIVE DRINKS,Cheers,,
BRASH COSANOSTRA,Genco Pura Olive Oil Co.,27.866137,-82.326485
BRASH COSANOSTRA,Genco Pura Olive Oil Co.,27.866137,-82.326485
BRASH COSANOSTRA,Genco Pura Olive Oil Co.,27.866137,-82.326485
BRASH COSANOSTRA,Genco Pura Olive Oil Co.,27.866137,-82.326485
BRASH COSANOSTRA,Genco Pura Olive Oil Co.,27.866137,-82.326485
BRASH COSANOSTRA,Genco Pura Olive Oil Co.,27.866137,-82.326485
BRASH COSANOSTRA,Genco Pura Olive Oil Co.,27.866137,-82.326485
BRASH COSANOSTRA,Genco Pura Olive Oil Co.,27.866137,-82.326485
PERFECT FRIEND,Genco Pura Olive Oil Co.,27.866137,-82.326485
PERFECT FRIEND,Genco Pura Olive Oil Co.,27.866137,-82.326485
PERFECT FRIEND,Genco Pura Olive Oil Co.,27.866137,-82.326485
PERFECT FRIEND,Genco Pura Olive Oil Co.,27.866137,-82.326485
PERFECT FRIEND,Genco Pura Olive Oil Co.,27.866137,-82.326485
PERFECT FRIEND,Genco Pura Olive Oil Co.,27.866137,-82.326485
WILLING CITIZEN,New York Daily Inquirer,,
WILLING CITIZEN,New York Daily Inquirer,,
WILLING CITIZEN,New York Daily Inquirer,,
WILLING CITIZEN,New York Daily Inquirer,,
WILLING CITIZEN,New York Daily Inquirer,,
WINGED PLATE,New York Daily Inquirer,,
TASTY PIGS,Duff Beer,,
TASTY PIGS,Duff Beer,,
TASTY PIGS,Duff Beer,,
LOWLY SIMPSON,Duff Beer,,
LOWLY SIMPSON,Duff Beer,,
LOWLY SIMPSON,Duff Beer,,
LOWLY SIMPSON,Duff Beer,,
LOWLY SIMPSON,Duff Beer,,
LOWLY SIMPSON,Duff Beer,,
LIVING MOE,Duff Beer,,
LIVING MOE,Duff Beer,,
LIVING MOE,Duff Beer,,
LIVING MOE,Duff Beer,,
FEEBLE PINGPONG,Bubba Gump Shrimp Co.,,
FEEBLE PINGPONG,Bubba Gump Shrimp Co.,,
FEEBLE PINGPONG,Bubba Gump Shrimp Co.,,
FEEBLE PINGPONG,Bubba Gump Shrimp Co.,,
CHUNKY KETTLE,Bubba Gump Shrimp Co.,,
CHUNKY KETTLE,Bubba Gump Shrimp Co.,,
CHUNKY KETTLE,Bubba Gump Shrimp Co.,,
CHUNKY KETTLE,Bubba Gump Shrimp Co.,,
SECOND MEETING,Krusty Krab,,
SECOND MEETING,Krusty Krab,,
SECOND MEETING,Krusty Krab,,
SECOND MEETING,Krusty Krab,,
GROOVY SPONGE,Krusty Krab,,
CHEMICAL BRIDGE,Krusty Krab,,
CHEMICAL BRIDGE,Krusty Krab,,
CHEMICAL BRIDGE,Krusty Krab,,
CHEMICAL BRIDGE,Krusty Krab,,
UTTERMOST STRAW,Sterling Cooper,29.651634,-82.324829
UTTERMOST STRAW,Sterling Cooper,29.651634,-82.324829
UTTERMOST STRAW,Sterling Cooper,29.651634,-82.324829
UTTERMOST STRAW,Sterling Cooper,29.651634,-82.324829
MAD MEN,Sterling Cooper,29.651634,-82.324829
MAD MEN,Sterling Cooper,29.651634,-82.324829
MAD MEN,Sterling Cooper,29.651634,-82.324829
MAD MEN,Sterling Cooper,29.651634,-82.324829
MAD MEN,Sterling Cooper,29.651634,-82.324829
RAINY MISOGONY,Sterling Cooper,29.651634,-82.324829
RAINY MISOGONY,Sterling Cooper,29.651634,-82.324829
RAINY MISOGONY,Sterling Cooper,29.651634,-82.324829
RAINY MISOGONY,Sterling Cooper,29.651634,-82.324829
RAINY MISOGONY,Sterling Cooper,29.651634,-82.324829
RAINY MISOGONY,Sterling Cooper,29.651634,-82.324829
RAINY MISOGONY,Sterling Cooper,29.651634,-82.324829
VOICELESS DRAPER,Sterling Cooper,29.651634,-82.324829
VOICELESS DRAPER,Sterling Cooper,29.651634,-82.324829
VOICELESS DRAPER,Sterling Cooper,29.651634,-82.324829
VOICELESS DRAPER,Sterling Cooper,29.651634,-82.324829
VOICELESS DRAPER,Sterling Cooper,29.651634,-82.324829
VOICELESS DRAPER,Sterling Cooper,29.651634,-82.324829
VOICELESS DRAPER,Sterling Cooper,29.651634,-82.324829
VOICELESS DRAPER,Sterling Cooper,29.651634,-82.324829
OPTIMAL SACK,Sterling Cooper,29.651634,-82.324829
OPTIMAL SACK,Sterling Cooper,29.651634,-82.324829
OPTIMAL SACK,Sterling Cooper,29.651634,-82.324829
OPTIMAL SACK,Sterling Cooper,29.651634,-82.324829
OPTIMAL SACK,Sterling Cooper,29.651634,-82.324829
OPTIMAL SACK,Sterling Cooper,29.651634,-82.324829
UNDESIRABLE PROFIT,Sterling Cooper,29.651634,-82.324829
UNDESIRABLE PROFIT,Sterling Cooper,29.651634,-82.324829
UNDESIRABLE PROFIT,Sterling Cooper,29.651634,-82.324829
VALUABLE MICE,Sterling Cooper,29.651634,-82.324829
DIFFERENT GREEN TANK,Soylent,,
DIFFERENT GREEN TANK,Soylent,,
DIFFERENT GREEN TANK,Soylent,,
DIFFERENT GREEN TANK,Soylent,,
DIFFERENT GREEN TANK,Soylent,,
DIFFERENT GREEN TANK,Soylent,,
DIFFERENT GREEN TANK,Soylent,,
WHIMSICAL CHESS,Hooli,28.538336,-81.379234
WHIMSICAL CHESS,Hooli,28.538336,-81.379234
WHIMSICAL CHESS,Hooli,28.538336,-81.379234
FUNNY VALLEY,Hooli,28.538336,-81.379234
FIERCE SILICON,Hooli,28.538336,-81.379234
FIERCE SILICON,Hooli,28.538336,-81.379234
FIERCE SILICON,Hooli,28.538336,-81.379234
FIERCE SILICON,Hooli,28.538336,-81.379234
FIERCE SILICON,Hooli,28.538336,-81.379234
FIERCE SILICON,Hooli,28.538336,-81.379234
FAITHFUL MICE,Hooli,28.538336,-81.379234
CEASELESS MORNING,Hooli,28.538336,-81.379234
CEASELESS MORNING,Hooli,28.538336,-81.379234
CEASELESS MORNING,Hooli,28.538336,-81.379234
MOONLIT COMPANY,Good Burger,,
MOONLIT COMPANY,Good Burger,,
MOONLIT COMPANY,Good Burger,,
URBANE KITTENS,Good Burger,,
SHUT COIL,Good Burger,,
SHUT COIL,Good Burger,,
SHUT COIL,Good Burger,,
SHUT COIL,Good Burger,,
LIMITLESS COFFEE,Glenngarry Glenn Ross,30.433283,-87.240372
LIMITLESS COFFEE,Glenngarry Glenn Ross,30.433283,-87.240372
LIMITLESS COFFEE,Glenngarry Glenn Ross,30.433283,-87.240372
LIMITLESS COFFEE,Glenngarry Glenn Ross,30.433283,-87.240372
LIMITLESS COFFEE,Glenngarry Glenn Ross,30.433283,-87.240372
LIMITLESS COFFEE,Glenngarry Glenn Ross,30.433283,-87.240372
GRIEVING PAIL,Glenngarry Glenn Ross,30.433283,-87.240372
GRIEVING PAIL,Glenngarry Glenn Ross,30.433283,-87.240372
GRIEVING PAIL,Glenngarry Glenn Ross,30.433283,-87.240372
GRIEVING PAIL,Glenngarry Glenn Ross,30.433283,-87.240372
GRIEVING PAIL,Glenngarry Glenn Ross,30.433283,-87.240372
MINDLESS CLOSER,Glenngarry Glenn Ross,30.433283,-87.240372
MINDLESS CLOSER,Glenngarry Glenn Ross,30.433283,-87.240372
MINDLESS CLOSER,Glenngarry Glenn Ross,30.433283,-87.240372
MINDLESS CLOSER,Glenngarry Glenn Ross,30.433283,-87.240372
FLAWLESS DISTANCE,Glenngarry Glenn Ross,30.433283,-87.240372
FLAWLESS DISTANCE,Glenngarry Glenn Ross,30.433283,-87.240372
BETTER REGRET,Glenngarry Glenn Ross,30.433283,-87.240372
CAPRICIOUS SALESMEN,Glenngarry Glenn Ross,30.433283,-87.240372
CAPRICIOUS SALESMEN,Glenngarry Glenn Ross,30.433283,-87.240372
CAPRICIOUS SALESMEN,Glenngarry Glenn Ross,30.433283,-87.240372
SUPREME STREAM,Glenngarry Glenn Ross,30.433283,-87.240372
MELODIC TEAM,Glenngarry Glenn Ross,30.433283,-87.240372
WRY BEAD,Glenngarry Glenn Ross,30.433283,-87.240372
BECAUSE I DON'T LIKE YOU,Glenngarry Glenn Ross,30.433283,-87.240372
BECAUSE I DON'T LIKE YOU,Glenngarry Glenn Ross,30.433283,-87.240372
BECAUSE I DON'T LIKE YOU,Glenngarry Glenn Ross,30.433283,-87.240372
BECAUSE I DON'T LIKE YOU,Glenngarry Glenn Ross,30.433283,-87.240372
BECAUSE I DON'T LIKE YOU,Glenngarry Glenn Ross,30.433283,-87.240372
BECAUSE I DON'T LIKE YOU,Glenngarry Glenn Ross,30.433283,-87.240372
BECAUSE I DON'T LIKE YOU,Glenngarry Glenn Ross,30.433283,-87.240372
BECAUSE I DON'T LIKE YOU,Glenngarry Glenn Ross,30.433283,-87.240372
BECAUSE I DON'T LIKE YOU,Glenngarry Glenn Ross,30.433283,-87.240372
BECAUSE I DON'T LIKE YOU,Glenngarry Glenn Ross,30.433283,-87.240372
BECAUSE I DON'T LIKE YOU,Glenngarry Glenn Ross,30.433283,-87.240372
BECAUSE I DON'T LIKE YOU,Glenngarry Glenn Ross,30.433283,-87.240372
BECAUSE I DON'T LIKE YOU,Glenngarry Glenn Ross,30.433283,-87.240372
BECAUSE I DON'T LIKE YOU,Glenngarry Glenn Ross,30.433283,-87.240372
BECAUSE I DON'T LIKE YOU,Glenngarry Glenn Ross,30.433283,-87.240372
BECAUSE I DON'T LIKE YOU,Glenngarry Glenn Ross,30.433283,-87.240372
BECAUSE I DON'T LIKE YOU,Glenngarry Glenn Ross,30.433283,-87.240372
BECAUSE I DON'T LIKE YOU,Glenngarry Glenn Ross,30.433283,-87.240372
BECAUSE I DON'T LIKE YOU,Glenngarry Glenn Ross,30.433283,-87.240372
BECAUSE I DON'T LIKE YOU,Glenngarry Glenn Ross,30.433283,-87.240372
BECAUSE I DON'T LIKE YOU,Glenngarry Glenn Ross,30.433283,-87.240372
BECAUSE I DON'T LIKE YOU,Glenngarry Glenn Ross,30.433283,-87.240372
BECAUSE I DON'T LIKE YOU,Glenngarry Glenn Ross,30.433283,-87.240372
BECAUSE I DON'T LIKE YOU,Glenngarry Glenn Ross,30.433283,-87.240372